Model,PriceRank,RowCount,LogForm,R2 Score,MAPE,MdAPE
Linear Regression,Low,20417,False,0.7184975124390156,0.13215263873810554,0.07998885919447607
Linear Regression,Low-Medium,20416,False,0.19036282790722547,0.07424307825884,0.07071651532868434
Linear Regression,Medium,20412,False,0.18259955705658437,0.06319475779003247,0.057479821144138646
Linear Regression,Medium-High,20499,False,0.23221362355733255,0.08058203217014105,0.07162488764805536
Linear Regression,High,20327,False,0.6790014358686685,0.23378791189149126,0.18964621852675603
Linear Regression,Low,20417,True,1.0,7.241375647936983e-17,0.0
Linear Regression,Low-Medium,20416,True,1.0,5.976145873087183e-17,0.0
Linear Regression,Medium,20412,True,1.0,3.42855781796129e-17,0.0
Linear Regression,Medium-High,20499,True,1.0,5.952695121215353e-17,0.0
Linear Regression,High,20327,True,1.0,4.842073406764986e-17,0.0
Decision Tree Regressor,Low,20417,False,0.9992116088985855,0.001204281453381981,0.0
Decision Tree Regressor,Low-Medium,20416,False,0.9999806798777052,7.278283277891825e-05,0.0
Decision Tree Regressor,Medium,20412,False,0.99998724170743,5.9854572061259616e-05,0.0
Decision Tree Regressor,Medium-High,20499,False,0.9998288587375123,0.00017333909895386987,0.0
Decision Tree Regressor,High,20327,False,0.9853456254671308,0.0020494391188747635,0.0
Decision Tree Regressor,Low,20417,True,0.9988864769418122,0.0001070883297914052,1.3930790442919336e-16
Decision Tree Regressor,Low-Medium,20416,True,0.9999716215505235,6.09458646031874e-06,1.3351363434652356e-16
Decision Tree Regressor,Medium,20412,True,0.9999870173773074,4.208265804861679e-06,1.9336763197816926e-16
Decision Tree Regressor,Medium-High,20499,True,0.9997902623681207,1.2751882855026514e-05,2.5011767966958904e-16
Decision Tree Regressor,High,20327,True,0.9987608322905848,0.000140304510261569,2.4327043846362523e-16
Random Forest Regressor,Low,20417,False,0.9990945258969012,0.002031583989231519,0.0
Random Forest Regressor,Low-Medium,20416,False,0.9999847670800536,6.97933467684108e-05,0.0
Random Forest Regressor,Medium,20412,False,0.9999125451255189,0.00011193520087568951,0.0
Random Forest Regressor,Medium-High,20499,False,0.9997628569653784,0.00017356524590502752,0.0
Random Forest Regressor,High,20327,False,0.9846307890110408,0.0018356146068270094,7.03798319327479e-05
Random Forest Regressor,Low,20417,True,0.9991589065541899,0.00011360613313121709,1.6200640853917984e-09
Random Forest Regressor,Low-Medium,20416,True,0.9999827075273819,4.902605759667513e-06,2.2535878567782573e-15
Random Forest Regressor,Medium,20412,True,0.9996843962527866,1.2163010801228268e-05,1.9585273655878102e-15
Random Forest Regressor,Medium-High,20499,True,0.9997409891904281,1.2215713706851017e-05,2.0233839044025154e-15
Random Forest Regressor,High,20327,True,0.9990139496956709,0.0001157070995051376,4.54282568856945e-06
XGBoost,Low,20417,False,0.9989345425255567,0.004007503979275596,0.0013198717193147885
XGBoost,Low-Medium,20416,False,0.9985147600924968,0.0009184842494904572,6.12864077669903e-05
XGBoost,Medium,20412,False,0.9966657687367223,0.0010682594235909089,0.00027805434491173927
XGBoost,Medium-High,20499,False,0.9983699527081413,0.001351211319195664,0.0004438235294117647
XGBoost,High,20327,False,0.9648513630599752,0.005436754385202008,0.002637578347578348
XGBoost,Low,20417,True,0.9958400892816816,0.0004896807674931287,0.00018536538219961966
XGBoost,Low-Medium,20416,True,0.9985737230451806,8.273785882551761e-05,1.4773626079980288e-05
XGBoost,Medium,20412,True,0.996470285740063,8.22345175082247e-05,2.087249741583646e-05
XGBoost,Medium-High,20499,True,0.998547081246301,0.00010077804914126171,3.6348139433254735e-05
XGBoost,High,20327,True,0.9987001559987815,0.0003240962832130211,0.00013770697300732998
Gradient Boosting Regressor,Low,20417,False,0.9914781600938651,0.01276940744295454,0.006651773774859218
Gradient Boosting Regressor,Low-Medium,20416,False,0.9974184609808503,0.0029456405401975406,0.0017203568826816844
Gradient Boosting Regressor,Medium,20412,False,0.9953458202919142,0.002914425275331417,0.001821044710721883
Gradient Boosting Regressor,Medium-High,20499,False,0.9949160633863384,0.003861355593461461,0.0029273313137660735
Gradient Boosting Regressor,High,20327,False,0.9816526686881942,0.020284207218467864,0.01545377160223977
Gradient Boosting Regressor,Low,20417,True,0.9930927261483276,0.0003389526527668407,0.00018424079338009937
Gradient Boosting Regressor,Low-Medium,20416,True,0.9971466726499646,2.0715169935756856e-05,4.900245697754545e-06
Gradient Boosting Regressor,Medium,20412,True,0.9964427577856622,3.74800978882946e-05,7.86596465378467e-06
Gradient Boosting Regressor,Medium-High,20499,True,0.9955025763616743,4.315216705412915e-05,1.8220729729070042e-05
Gradient Boosting Regressor,High,20327,True,0.9976778135711097,0.00027798178841971076,0.00012484158011764025
LightGBM,Low,20417,False,0.9983004459517042,0.006892982135596304,0.0027031995824996873
LightGBM,Low-Medium,20416,False,0.9987156389062373,0.0013911644203375402,0.00012059312484976973
LightGBM,Medium,20412,False,0.9992570366775091,0.0015845456004264882,0.00031517157708125674
LightGBM,Medium-High,20499,False,0.9980605880192008,0.0020746901038956006,0.0008451909672561322
LightGBM,High,20327,False,0.9751897913905665,0.01819201939052492,0.01350223092950462
LightGBM,Low,20417,True,0.998173038717399,0.0006447628041861648,0.0003105330041872769
LightGBM,Low-Medium,20416,True,0.9988210258514345,0.00011067140145072092,9.345282853606263e-06
LightGBM,Medium,20412,True,0.9992920758067759,0.00011524872189505126,2.397228440099602e-05
LightGBM,Medium-High,20499,True,0.9981721388128505,0.00014967062123553122,5.410869469019597e-05
LightGBM,High,20327,True,0.9983696207879958,0.0005250616432358221,0.00027923774754578384
Histogram-based Gradient Boosting Regressor,Low,20417,False,0.9982994402624376,0.012097486975700017,0.004808768129582148
Histogram-based Gradient Boosting Regressor,Low-Medium,20416,False,0.9979745564699483,0.001810397894299913,0.0008212925422721251
Histogram-based Gradient Boosting Regressor,Medium,20412,False,0.997478491992737,0.002007488832766582,0.0006599267928771532
Histogram-based Gradient Boosting Regressor,Medium-High,20499,False,0.998036271241463,0.0023563539915458986,0.001327756880705309
Histogram-based Gradient Boosting Regressor,High,20327,False,0.9641995464348674,0.03317419701879506,0.02347792697132202
Histogram-based Gradient Boosting Regressor,Low,20417,True,0.9931455219772852,0.0007229522047252714,0.00034965473791779113
Histogram-based Gradient Boosting Regressor,Low-Medium,20416,True,0.9977662120213519,0.00012540969905259732,6.55200024248107e-05
Histogram-based Gradient Boosting Regressor,Medium,20412,True,0.9973660268063417,0.00013923067339232902,4.843939748980927e-05
Histogram-based Gradient Boosting Regressor,Medium-High,20499,True,0.9982497573774777,0.00015094385879910524,7.43448048578526e-05
Histogram-based Gradient Boosting Regressor,High,20327,True,0.9983709174605653,0.0006147477096693774,0.00035504789827632305
